{"Track": "Melechesh", "Track Name": "examples\\test\\Tempest-Temper-Enlil-Enraged.wav", "Mean Played/s": 1.7083333333333333, "Mean Not Played/s": 10.291666666666666, "Played Sum": 205, "Not Played Sum": 1235, "Played Size": 120, "Length seconds": 120, "Tempo": 123.046875, "Wave Size": 2646000, "Sampling Rate": 22050, "File Size MB": 11.96605110168457, "MB / s": 0.09971709251403808, "Notes / Tempo": 1.666031746031746}